user1@mail.com,lala,user
user2@mail.com,lala,user
user3@gmail.com,lala,user
user4@gmail.com,lala,user
user5@gmail.com,lala,user
user6@gmail.com,lala,user
user7@gmail.com,lala,user
user8@gmail.com,lala,user
user9@gmail.com,lala,user
user10@gmail.com,lala,user
user11@gmail.com,lala,user
user12@gmail.com,lala,user
user13@gmail.com,lala,user
user14@gmail.com,lala,user
user15@gmail.com,lala,user
user16@gmail.com,lala,user
user17@gmail.com,lala,user
user18@gmail.com,lala,user
user19@gmail.com,lala,user
user20@gmail.com,lala,user
user21@gmail.com,lala,user
user22@gmail.com,lala,user
user23@gmail.com,lala,user
